,Mean prediction CI,MAPE,Total raw effect,Correlation coefficient,Rank correlation,Fisher exact test p,Log likelihood
SAAS,5.24407385941239,1.3499620601828164,-1.0107128411901325,0.7657050090156633,0.6747914791479147,1.6101750385203536e-07,-299.6017406198749
GP,7.789285342362909,2.481568289627588,-1.0107128411901325,0.3928288511933377,0.47179117911791174,1.0126990969967781e-05,-345.0832024160967
